"","-8.75","-8.25","-7.75","-7.25","-6.75","-6.25","-5.75","-5.25","-4.75","-4.25","-3.75","-3.25","-2.75","-2.25","-1.75","-1.25","-0.75","-0.25","0.25","0.75","1.25","1.75","2.25","2.75","3.25","3.75","4.25","4.75","5.25","5.75","6.25","6.75","7.25","7.75","8.25","8.75"
"1",-33822.6836682418,-16040.7384624207,-15153.4966940617,-28332.7163870605,-24939.6519961725,-21602.1411940994,-59997.2576123379,-52869.0503514226,-66683.5754198354,-61378.5391370015,-65828.2223129208,-63750.9720089384,-67248.637851069,-50726.6169317408,-68964.1253604325,-61902.8640630242,-56317.380735056,-46887.7876564321,-36968.2370589977,-54133.6339652085,-27192.3049888313,-1822.08484522341,17304.3237825223,30951.4747046879,31034.5587877365,4159.46249941952,16263.7894043258,-22975.7779586172,-22654.7254877744,-3229.76605112979,-16444.3932027835,-8192.79499151371,15713.3332634246,-16195.9978406898,20963.9780538924,209892.791641648
"2",-28552.7744655593,-40479.2989353977,-35178.1939269302,-26331.7661424785,-2353.0363195627,-9797.49497214201,-17744.2254538936,-23251.1671059606,-39624.1614341321,-32958.9014939164,-56683.1929723904,-43878.3537437877,-38283.5950263392,-51903.6056577664,-44966.3484027732,-48639.6888085238,-45887.1682202001,-45980.5769571697,-43465.1976219121,-32512.0486387764,-33890.5743160973,-6661.18832677946,-7411.61221090777,-5901.08990434627,-10768.668067467,-14815.5421883764,-18153.2194673618,6931.9669732248,12529.8520333137,13606.9781221266,12418.5984600606,-7249.29374972667,-1451.48071636609,7621.21752085714,26420.3454714784,60040.2177135271
"3",-43601.3258261292,-32421.0157809182,-22020.132783582,-8709.72952643933,-5687.48002444211,-11047.7442991219,-14841.3183706463,-30551.8409983023,-24547.9020665461,-52934.8357550107,-44233.233319649,-47428.5712311546,-30204.0087062146,-30701.5880610669,-33795.5438919249,-21097.166300558,-16143.6698173934,-5576.7170395852,-13227.8898506839,4128.79153954101,-661.275524538942,-1135.82262601619,464.365861148952,-21226.188380565,-30636.5315011989,-55853.8408325804,-60648.437320983,-65025.4902277533,-65893.6364855817,-56014.8405840164,-32367.5098120061,-39398.9782838114,-36940.6995132284,-23911.5074037912,-33656.5827767696,-22300.9951539267
"4",-92999.596564672,-66743.4108897028,-134028.334836955,-145636.350642106,-126038.080203852,-97151.8844815043,-56907.5473527301,-41885.2706554428,-22897.4426832764,629.425438573875,-2755.12397929397,-57476.2111102335,-44650.6544754266,10171.8592885002,-47066.0043133,-68250.0533739157,-88079.6119692879,-91662.3219032316,-67579.9429119141,-75613.1627140536,-88851.8670871524,-61754.9186020934,-74136.0008227178,-56979.644874708,-69899.5678966278,-86563.2558017505,-104124.073075793,-99788.2294474462,-97855.810545744,-83888.6134110213,-39402.0152749826,-80356.2803353738,-56005.8901480698,-51897.5461572568,52495.4749170549,144312.819682469
"5",3717.12613197658,5114.38162280439,-5332.93696839199,-6503.01162968772,4643.23566238485,-7956.04828313766,-6558.05274746977,-1543.74124486441,1747.07182295339,9781.52848018952,15592.7138016014,11474.3525500303,12759.9360198634,5855.31162246285,1797.61347239103,-1678.78275969113,-8479.19028970616,-2691.38213818034,3734.27778730635,6334.1190256957,7775.9366079971,14476.2181516383,7637.89513954361,10836.9591095659,5128.75899540591,-3376.71682584051,-5333.37071078666,-3783.40974972862,7770.67962860069,-1658.29354589756,2302.72021694859,16962.4923540279,431.64356727805,1189.92994005649,9015.23539854868,13125.6907214997
"6",4238.04959097845,6799.75412751132,7148.59425986215,5154.20249201535,54001.5664283276,-11226.0001810512,-7434.99752989152,-21266.4503037293,-54897.8366888251,-23403.5197020438,-28988.4337952464,-47462.2760665786,-21240.9124018946,-26004.6491010624,-14858.285673857,-18603.2095880902,-43202.0758965299,-41569.3142544282,-43940.1814894585,-49263.5173856914,-30107.6093029948,-15687.2985056453,-23954.698514632,-12068.4863910334,-2618.55614683201,-2957.56611187258,-4776.24272486608,5654.84656858724,11312.9704946472,10844.4266478433,-2385.50092644792,24507.4510853008,-2684.70867006495,-2266.19352955025,-26773.3703151318,-51182.5506315227
"7",-55687.410205757,15797.6200464666,-31.145113766368,8766.24605423689,-3919.63827662531,-4225.22663691244,-101617.90436458,-103009.88727933,-159209.064320725,-145328.927342774,-178297.610149263,-177401.780992574,-160559.353069688,-170779.612208101,-169008.803425432,-124990.018866781,-55443.5795600943,-48265.9998975863,-50387.3795388216,-68113.4538287046,-132427.898772994,-164610.923215237,-152262.521387673,-120598.620867803,-84096.8393917423,-84200.4110507143,-59348.7321375168,-111046.653234974,-156705.436509057,-140385.688703941,-160144.641210647,-136444.618814995,-125309.962796184,-133159.943549187,-83917.3886464761,-69045.7370281043
"8",13617.069502464,22659.0182000672,-29509.2671847546,-56675.5743923461,-39756.90247875,-35200.4450283542,-41336.7298654826,-25075.9546833504,-44554.22533345,-78757.0610549217,-105779.848567106,-113044.263828843,-108453.865858735,-105101.783171949,-98068.2691471489,-94448.9746328992,-75911.587792331,-78349.3004344139,-69494.9523678672,-55084.3264612121,-79874.9773394891,-77707.4828070878,-73062.6486285164,-53364.4498764324,-27215.7358045024,-21538.9847069443,-41727.3847624738,-56861.5355245302,-92392.4751716099,-87764.4512448261,-68775.4214978688,-67105.8452992465,-56432.4549134244,-68422.9803534121,-55132.0367842502,-44005.2672570787
"9",-981.713804276107,-36235.2734226877,-52281.0097456487,-54549.7518024953,-61117.6413333995,-48225.8771337595,-39017.0795471296,-34784.4169943757,-34168.6666631357,-7887.73508177267,-15432.2302794404,31895.34003229,39930.7927332403,40531.8895338171,34881.9637338837,14988.378715014,29650.2917350985,13880.5789789947,45045.9491059019,61357.5474530497,24242.8705351305,26629.5411561217,3267.08069443933,-13312.7561421856,-10664.1723655875,-4428.52057560268,46803.3143165033,45181.5132556971,3102.92594210061,3135.7287106764,11216.7598900549,12534.467599195,24489.4391585619,17808.6982464558,9808.52693450716,231180.847785465
"10",44422.6777059156,47023.4788166787,164742.001052741,27385.5335686847,34375.7051011189,6845.19117016919,16344.6337311586,37863.4124567666,75774.1461916128,77169.2821023875,84187.6326664958,86863.6335456408,76212.1125571468,96442.6783162472,48492.1721049823,18121.2221505682,7770.15397072202,39269.7624491064,27905.5563720527,17749.9865599582,32908.8539151953,6517.15751573269,8364.57349992491,29518.1667839884,74969.1882157032,103031.877672187,113454.809958633,117732.523556517,91792.3444880527,94442.0652437741,105955.213947347,195006.960685339,54381.2695719354,45555.4335626298,26812.8751736159,98497.3154055448
"11",5163.34834474284,4135.04334151959,944.546204690509,-3020.75180878678,18603.8176413288,-5692.23716670786,-8137.73829311294,-4993.52323700133,-1316.2333807396,5734.19502449209,-1087.56944276718,-4004.13643310107,-2190.42862719252,-468.151704927084,11197.208571569,9245.86395543034,-308.559623027097,-3159.49309785177,-3399.51137292643,1310.37112216475,545.302046653596,3072.75315883249,2311.98153394051,3474.84164697516,1197.12463351164,881.096402314965,3455.75883506666,2263.33717476935,11248.3438022019,7771.77623014232,9025.74996711422,15451.0993066568,9461.0991953959,9764.83379977236,25512.7175568887,14493.8524688512
"12",-19658.4233334457,47434.0209324058,43067.7503622385,64012.0646591135,93562.7031559727,103958.861599814,73629.3345279922,70789.3043223327,42411.9000859077,15186.2673779723,-31089.0162159968,-52740.0065395408,6561.13387613499,32082.4626186351,76503.0345718699,48147.455107543,4339.88388520561,-18449.9365909764,-17040.2987546891,30503.1111621833,15142.6923722686,23194.7753931269,1347.74301513337,-8991.72054586036,42969.6455319524,40063.0649893863,36885.692940507,77229.058217081,95859.9242569722,189068.54816208,195318.567142472,159305.438885075,158856.960970612,153039.747845139,108923.425292354,10506.7250991002
"13",-86597.1642482675,-59997.7018014238,-64159.6329470183,-52725.9265940391,-49832.8743081377,-46404.8004058504,-54891.8246635871,-60213.5009626391,-66072.5618557336,-79337.2921375976,-90899.716505805,-97194.6630282671,-89158.5001569623,-90423.6581531218,-80303.2024624403,-53023.9624823855,-30444.0788370016,-46882.0768070456,-43564.7199430695,-31628.534081519,-72372.3087087013,-75446.6160693723,-65557.2088480119,-67617.8183058779,-68416.7678346463,-83265.9992635771,-102500.540855538,-106327.786896426,-123612.708951827,-107114.960053572,-83190.2056327369,-87192.1633618124,-72607.84299419,-89149.8873512566,-81826.7645154581,-69051.4183819479
"14",-32160.2690818536,-16053.8136791111,-34412.668658912,-37085.0076349847,-32565.090909064,-23210.8005877134,-33642.6562035129,-25151.7828376387,-37490.6366387132,-60943.7238348337,-66098.0138663937,-51229.0113501113,-42484.5610300583,-40127.1687651928,-17828.8031157481,-14154.0881576931,-15452.660071915,-28394.2404415607,-17570.7987275073,-13642.1232574265,-9981.17487468661,-22318.2545705381,-18299.7665055475,-32161.7765916162,-76214.2470160805,-82689.8333259563,-102728.659198065,-109361.181058784,-111764.133142782,-83085.4351994178,-67129.4424798143,-41378.6469360837,-30939.6929972407,-44124.6417954226,-28827.5678190285,-37923.2310351756
"15",-13583.3746925662,-5097.06690120965,-5695.13452873562,-9904.78948631249,-8590.85867965296,-12076.0573096208,-15346.2170868245,-13285.4875245728,-17633.0888264438,-21871.9565569501,-22115.7512369621,-25699.19495532,-21427.918844342,-25782.6298569155,-18114.4555069303,-15534.6572372613,-9859.58163088882,-6935.88394566072,-9006.04149626178,-10113.3085339307,-13012.0313373034,-17935.1483453222,-17650.6368119529,-14168.9779730244,-17938.5674726288,-11011.0839420993,-17039.2153512777,-18342.65961775,-16134.7297234974,-15171.7652896311,-2062.27707000448,-8866.8777705277,-2873.34463344963,-1820.1123412583,9174.75063025051,24540.7498493463
"16",-76055.0069129115,-67038.8412370014,-56850.7113648409,-50438.7388827923,-59799.4548175006,-63171.4271603378,-73714.0862242084,-74443.7751198202,-85232.5489974844,-86429.8565372272,-87502.7244668361,-77944.8171678775,-70697.1599707849,-65174.6726977864,-68649.7794872466,-60300.7914531816,-38513.2424781072,-55107.3885274132,-32078.8281296187,-44049.7460909865,-43686.3494746533,-35806.7061772639,-32648.1328779388,-55251.05461097,-47102.7948407408,-56406.7746631591,-75156.2509098887,-70697.940284194,-67354.5261638194,-74542.1101336408,-78093.3654170071,-82548.9295402302,-72230.6184899815,-61303.416950651,-38074.3004070974,-12411.2427098724
"17",-38379.5382594957,-23668.0964847441,-38053.8596296177,-39838.7660815057,-39306.9695081089,-38925.7728609174,-40294.0515404293,-42131.3697189257,-30499.2475857816,-28177.1100749729,-20619.6715490189,-22284.0756538164,-13161.4377957496,-10642.1102173651,7674.05253295327,15973.7929118082,31143.7358881418,12901.4189899164,2290.65900586467,-15139.8772740653,-13611.350056616,2999.37482675503,3005.69353009816,8854.49495529907,20240.2222782908,12107.2782108654,4090.37051899653,-1270.34244041232,9153.96636181837,-21373.9252917813,-23424.2604724554,-20116.3446812478,-10120.394186301,-31071.7659220985,-16085.3807399139,35679.3456144943
"18",-363.087490528371,6153.84989918729,-590.787594722904,555.001505621069,-13694.9023278997,-13223.991424428,-11747.6407668017,4497.72785569844,-1080.93441158559,-5285.73734526308,-10902.8456852085,-8860.60963460227,-3243.41840730683,-9917.73660152214,-2918.16186403506,-7309.51716404632,-9188.47205825962,-12240.0567426153,-12452.0423386486,-12242.6294138857,-14644.4806451986,-14739.0733135571,-6223.44229260235,1408.47156932083,13341.0612429423,7075.84120946041,10184.7417265026,1241.69609853993,1787.12804531699,3404.5423213124,6783.57509882622,13423.962758242,26814.3586218679,3732.2174165938,4340.79504958157,8248.39757922162
"19",-2819.58104096599,321.228016440371,-2283.99738650949,-3939.39308102753,-7646.07864272018,-556.663692360977,-12030.0093961446,-8773.31575878816,-4677.70009524684,-2708.49790797423,-3158.04509761789,-4088.35948859971,-861.442294388398,1356.43994004584,7977.7145785702,4028.19347824651,-5043.52299326979,-8178.10790788168,-10752.5616648536,-11581.1387684971,-8459.06319048281,-6472.34873329404,69.7669498135219,6760.33637257291,2804.85360287799,80.6610101102196,-2072.41451244646,-920.042630099349,12888.0979851941,11816.0663887396,9785.4385252964,9283.2918964446,4501.39102972519,6134.12377680551,2864.09609040119,12451.3070474686
"20",-13637.0082177971,-12111.8347871798,-24134.7106459986,-22455.2946950471,-20219.4505255801,-25749.8063856531,-24009.612665873,-16703.1262775759,-16788.7643513227,-25251.4078854197,-18195.0600037375,-20888.3973702267,-14695.7513564296,-18820.5425376543,-13854.7371102918,-20416.6202459127,-12856.0694603846,-7233.39002448667,-9324.22924614551,-8274.85597073963,-9007.97607088673,-14043.7619234884,-14739.3736820536,-7159.16113523793,-19457.661587283,-15698.2643292735,-26304.9680021806,-31746.8908551515,-25751.2033477856,-31740.1943935185,-16916.2753676287,-19568.9580716994,-16494.407326754,-5277.83648451488,6718.4245983625,19696.0074883133
"21",-60136.8531311608,-63560.6339109266,-98166.8418669676,-101827.177975463,-98336.2052788561,-87619.4299081349,-80439.8690493949,-75067.6933438544,-50986.7687905661,-50504.3479048999,-5824.8987961777,40430.4415363638,49111.1318981528,26138.1497447065,42032.9879652946,30391.4017076442,14509.7076241894,25740.608600028,16322.344597162,2033.0862758471,-8988.61728329572,-7580.44418309687,-10876.8708899471,28608.677611337,-22476.8076469504,-23957.5448093069,-61704.8350532412,-80763.6297037891,-58354.8652742406,-87910.0007158938,-52460.7674922771,-40256.1363820274,-60811.5174216119,-51103.4481887676,-46131.6103355103,827469.768563394
"22",-1210.95433578787,-6641.70096542384,-11207.8393060307,-10452.740719276,7331.92696793217,36581.0883710994,-14856.9597246355,-15178.6755315864,-9112.18238136701,-8246.59548181656,22480.3285193076,-26703.1484082571,-22477.3942134335,-19762.993204563,-18899.0602663338,-18846.0820081172,-13738.0757445501,-14428.9428671517,-14691.6108517591,-13569.2455644085,-13760.1889113631,-9872.08322131842,15707.0841862837,20165.5933790402,28524.9829723424,20535.1992831731,4873.08420499212,-1820.98520919686,-3167.20197717927,21049.7851445947,8286.748368999,16789.3686039133,14907.7032283021,57016.8697244191,33578.52601741,37751.8776702737
"23",-53054.1952668765,-31619.7758354477,-40538.8692155689,-44566.3129416369,-38924.0560876407,-57111.8657214422,-63772.3492525477,-60507.9397815724,-62944.4117332614,-62716.3030925846,-58221.866041326,-62614.1590758316,-55415.0418849226,-51023.3894441003,-49404.0380108903,-44283.6847001566,-37878.4543761777,-46849.7563574241,-36326.1351303922,-15364.7515884991,-50392.2216717979,-37993.3946401675,-30063.8970235438,-33065.8067952353,-33653.0036341535,-31471.9937353821,-55818.5092307541,-49323.2001220877,-50784.993212037,-53252.8302353843,-41428.4684753322,-48925.169530876,-37818.7033100959,-32122.8110891661,-39122.2760839677,-20499.7169613033
"24",-34954.9144351998,-12451.0898484093,-12665.2653374581,-28129.3039441684,-23519.479385178,-31450.6733234391,-35566.3382518986,-39926.2851523799,-42459.8723690536,-41547.7626251434,-37795.4585784875,-44532.8084595213,-34063.0167754239,-23650.8971962761,-16109.5939150082,-26150.1865520512,-40910.5167255889,-41125.1798250282,-32958.6241115644,-22845.0449066453,-36554.7130019565,-22968.0673449208,-20855.4186231181,-16811.2795945671,-5650.21803113224,-18438.5201579667,-37177.4103212295,-36679.0250993006,-48987.7574852714,-50802.8059979621,-38639.8441695187,-30493.0964375545,-16538.0223360753,-14375.4841425886,-14270.6720313605,-632.943881713989
"25",-74042.3778929914,-62051.0896708984,-44336.6625148375,-49192.525964979,-50178.7271838665,-39853.0634700012,-48625.5005104525,-43374.8461114258,-18769.361385701,-19216.140033208,-16917.7872221801,-24128.4453876794,-22620.330672645,-31007.8281762096,-24149.5536503739,-19672.9488889817,-14929.3748451038,-12254.3906436833,-15420.6626020898,-15454.7159832159,-36682.4504854333,-29277.1655457368,-25960.3141495272,-20075.8933806012,-33205.0933561311,-43641.7914185254,-52884.9449657047,-67082.4223265254,-49922.3180166385,-56981.879598297,-42007.7964476205,-49213.6067634415,-29520.9944329905,-2343.44104226935,59723.9441850216,75834.8158708159
"26",-72305.1650459032,-60736.9236688168,-39455.8968091924,-44805.76612816,-80101.6677220603,-81098.0051180637,-53595.4000717253,-84633.5761916566,-80452.0893715063,-84764.5239383269,-85962.7388271481,-44446.4345441391,-70310.3891472798,-50324.5703349311,-25744.4134442195,-8153.55480139417,-9518.8933501846,-10667.7808280664,-17912.3162763331,-30504.4954146921,2678.48815637411,18157.0609095207,11388.1470722323,6489.91154981437,-11096.7606360037,-33930.6692888393,-73316.3240988175,-71317.7390633495,-81371.5499828004,-86188.1377739282,-68231.2415484003,-50923.6915040987,-31989.6324768539,-2357.47815441657,61562.8917007021,102647.710585129
"27",4058.44692997936,5100.38301691588,3237.8332085669,81.3454705595432,-4282.22614985537,-7700.29458096404,-7070.35731540665,-2772.08440871551,-4196.02744629553,-6158.1092082929,-12086.1145479869,-14222.1364963104,-17586.027182982,-15238.3047893867,-5856.15276795479,513.988558489291,4418.3327511383,1658.56808780959,2855.59806544374,475.675872570529,4175.08545479432,9836.17541014844,3414.16625942452,3722.51261886232,10298.2495390023,1628.65532530433,4138.7031005639,-1092.31054951068,4316.11142169239,10266.3519436293,8841.98231051838,14363.0438856596,23271.0559315776,19560.3513209873,29035.170621913,42699.5341181291
"28",-1392.20294338232,-756.265730458108,-4732.83142977972,-5948.92787386568,-7707.44363233925,-4859.05016238461,-7288.06077455005,-2687.89438401208,-1754.37655919483,-7947.30794072818,-8808.16285436934,-10185.7557420822,-10914.8889259206,-9464.72842565515,-4565.45205601426,-6299.76206725025,-1954.83857943878,-6606.86836659617,-7162.76500382956,-5286.04986866923,-3430.38298338418,-901.684091934068,2733.49131459002,4804.25353555683,15423.1943205825,10644.8011922536,14308.7176989429,7830.96082477702,2417.78664900109,10312.9343997017,4821.12631355674,24988.6466432221,32778.1584873644,23584.3235498408,37178.0837990238,46910.3505026706
"29",-23929.4204967676,-28442.616268543,-35177.086980711,-27721.587057983,-28449.7709604512,-8179.3483351975,-25286.0176882658,-19537.9396845457,-20527.6120458799,-21356.1972910107,-16895.0746757553,-30169.9084386891,-18715.2099752213,-28521.7737322306,-31107.4281182717,-27092.5919609814,-18073.3263872352,-21949.6596848444,-17604.9047162243,-20741.763901616,-24326.5885228884,-21786.2249828847,-22503.1443865064,-16410.2560836725,3039.44248278004,14179.5278277544,2432.01290999773,-2599.41803755035,3646.08807729944,-12100.7287764079,-15630.192781617,-19880.5002331246,-19372.163014234,-9818.59076630033,4393.20365943137,32611.9911448036
"30",-254301.08053902,-237001.579578346,-246090.764906305,-237672.481673662,-224993.25263566,-216833.892499483,-214535.157962129,-230907.061434837,-218194.712306917,-237744.719352318,-239759.59061874,-249754.349403475,-238374.273394052,-217771.405791836,-215802.574967905,-188827.663254899,-150834.642311581,-180307.484937581,-181993.472056332,-159552.704862407,-157930.916279095,-201219.485238424,-197422.063698166,-197211.439731381,-184952.811146062,-167198.283420152,-182261.477328164,-194601.607095419,-191204.786590137,-219358.613223117,-222123.574206628,-205547.099457245,-182902.251740892,-123894.404602456,160054.975210119,635309.929694595
"31",44638.8658456919,-57771.9384086868,-149974.201897929,-221363.038644835,-331849.372252438,-143058.62559486,36004.5054674,288844.402357628,45133.8393788701,-128406.025874419,-270053.223665994,-9484.27191915968,131555.347119802,341112.85595077,380126.467179797,574447.695660288,168345.135101048,239941.524743728,204293.493060169,289767.517506433,469323.906110597,634769.001167014,441010.220493137,527744.132180323,-254996.417876138,-560163.569527984,-396058.993417744,323383.017349551,1573508.48520799,1978203.78260676,4185633.53940916,7013840.36742877,7775575.24957656,7446382.42297872,7669873.94298442,7222749.83781959
"32",-32380.1766194355,20164.555205318,17450.4751758858,18718.4874499156,44752.4695212473,63326.380560195,62332.7519400439,122292.463900669,100014.684585402,73374.8170728601,50717.8141238387,13712.8661663908,3131.27105396567,115.988932565961,19311.6128839704,131522.969609338,35048.8780355919,42660.8529191035,125409.004469875,106728.111136069,1738131.31899553,1247262.79911462,1740860.7502139,1392883.40458092,1320981.46851152,864701.667878407,-11601.9259501441,437983.06433647,167692.026196932,151217.190343038,219048.082899637,205864.491946821,311161.307041789,972630.869802636,1821345.51280812,2618877.51497913
"33",-3850.48061894064,90885.0732915415,72085.9848436675,57697.0187018545,26200.2216941581,-706.377422770049,-28422.4665412866,18890.1011261874,69641.3306022238,80816.5606284894,71696.9563459658,34270.1780406318,33562.7764099913,-8269.94599448933,19341.5058237198,65940.3731885857,19401.7606341071,29904.9198967991,53361.3298159086,46174.9588588953,101634.597854592,45266.7087250317,21748.1117653279,44251.9183967447,9559.93814458698,15835.4111125093,-25350.9772770019,-53000.2069914536,-52181.8205207298,-4002.74339553298,-15178.8256489504,79151.9989314027,86782.0413327854,125984.829662958,315414.436887518,450122.741263968
"34",-10370.1404731069,113798.281290904,84958.2721096083,43781.8466103917,-17143.7779966153,-47189.8873870691,-59998.5123719936,35837.4907666869,104346.368532625,110428.947517133,90699.2599342156,6096.44992285297,-12274.8508316877,-48115.7680756612,-22264.4308731857,31051.1097987744,10423.4817865106,44253.2382024557,87644.506498891,53814.7856722697,49071.4417932353,24.474991439085,-45092.4426415532,-33624.1286524471,-58918.6126791478,-39120.1303639765,-46400.0449377562,-74650.5747786588,-88281.2098948795,-48432.5658802252,-45067.9867936859,135686.538176383,182291.487339514,276310.958340591,630513.208978435,914507.102816589
"35",-38417.573710767,11682.7213047598,6705.92595027393,-10939.6058063453,-37276.3793057495,-52809.2131722876,-65295.6304168695,-35384.0257299509,20200.595724192,17303.8438588098,4890.06639104255,-27192.5241025907,-39414.1416907959,-71740.6035802262,-68189.3206208476,-56670.4269534398,-51426.909946256,-34257.7695195678,-18148.4662305206,-4294.50332423736,-10783.3903895355,-31864.2176431125,-36428.5242047069,-45692.3052598274,3362.37439032726,-62930.6888469438,3112.41197010118,-9087.66843721026,-89672.8124458252,-29988.30141137,1135.2406353688,96038.6104598785,78984.2185702863,360062.126487612,367019.883022766,479418.357223981
"36",-47828.0532737734,-41408.1789887377,-39512.783418394,-43248.9451609871,-55511.5452921218,-54654.4109545572,-45302.6493414237,-32768.1825273901,-9032.79562064874,-21321.3907173881,-20835.8118657763,-38234.9677656241,-42990.1350283215,-50638.4894852749,-46164.7274900017,-38753.8222795214,-46048.9788041956,-34876.075041651,-25961.7016358391,-29752.7748576107,-27695.5750547502,-25020.2811751026,-16403.3322093767,-6021.97479361118,58903.116251805,-1930.36236071406,-12168.2127403176,214441.374020291,6270.92816889638,100100.681944733,83305.7998956104,96614.8830117627,129020.160914859,485563.263293764,166587.31597996,212385.094203446
"37",-18992.9854902507,-24106.0068981851,-14844.7708624521,-11088.9546126873,-15574.9880637957,-2390.26170535837,-591.48575066452,-13582.9219849604,-1705.44566105798,-15386.7101158068,-15031.5223746277,-21701.0183507064,-28866.8719939665,-35035.5397639823,-42484.8673468119,-45674.6603464169,-41679.9292761749,-35948.5181084639,-31666.6491415101,-38790.9279714396,-32541.7846967436,-27707.5646125405,-27993.445613922,-5098.83818378526,-17266.0770159968,-10894.4534038094,-39605.3235751413,-16968.682267322,-45393.6429565545,-48865.8748244344,-36533.4848707003,688.441228882672,39822.7881739574,177862.424013178,146717.01937364,219248.379412863
"38",-3271.86476669523,-3396.97264567873,-2777.48588819808,1448.12986327431,69.6343680018908,-1014.56258473665,-112.211084539682,-891.592518806749,6143.62080156416,3877.66743373548,1029.52449495085,3935.67661825482,8993.93306158599,11947.1233591283,3949.71080879854,807.598814487341,-2158.55730635081,-2069.75272834227,580.954579693382,2689.97015391683,7794.39912765368,8448.9876509016,7034.70661199999,12514.338185489,229413.543597664,50191.8401055607,258793.379319012,257135.369648198,55027.8935845739,103073.933970713,270378.403812006,384744.474990961,96801.5586016953,186810.787213456,57847.8978354219,66140.513486666
"39",-8961.20939633934,-14468.1892363404,-6510.36580288049,-20392.9580775456,-24826.6905517307,-15989.9089291734,-22619.1210100615,-20951.984446262,-23872.583329236,-13678.8871024077,-25027.6318956013,-23449.8669511453,1516.78850835236,-13908.507947205,-26378.6972300057,-21334.1391536423,-23900.687788062,-14821.0303694551,-19546.9627460649,-12118.7653282613,-14381.9641804408,-12375.1932326671,-18300.5794531027,-21508.201211716,-11883.9164321639,-5574.48509679062,39292.9689598557,-3538.71392344841,7153.56958923111,-11231.9289157078,-2940.53220971921,58692.7954673281,9225.2652369306,12723.9357899915,23499.2838953195,18726.6729042844
"40",-32872.0447926954,-38600.9387367746,-30724.9578597871,-28655.122162357,-22383.1076120521,-10558.4799177113,-26394.3069375121,-9405.89064343326,-29903.163943117,-20670.129560761,-30723.7685801609,-29891.4212539794,-20307.3381611418,-14321.2049277262,-28153.3855122025,-35752.2411388478,-36976.4287604334,-23213.1146417607,-22600.1821422053,-16902.505743739,-1241.65823935822,-1960.73577259545,-11271.7648246514,4830.50220382219,219.430065981316,8503.99563323017,11019.5728966926,5073.44641652566,1229.33396568854,4207.83294265438,-7606.00364094009,2696.28797961082,13805.4076554473,82045.4735165056,5671.41332280645,6889.43183701389
"41",-27646.0438441349,-22783.0346879552,-12996.378055558,22884.3772801477,-22145.5595319428,-266.675200787489,-23127.3079632927,-33984.0008769612,-32641.995529714,-29549.2583502491,-39179.0557945865,-25020.944427094,-22764.3456951706,-14759.7605491923,-11534.7651698327,1010.57428487079,6389.82678049061,-4838.09922595884,-1583.40888545179,-35608.5870902931,-31777.5956823584,-33479.0707786507,-44660.3952422432,-15870.3488469574,-21432.7430755948,-40060.6276534244,-493.983212998457,-17192.0394871867,-11417.1317567961,-7306.32353670025,37890.9908995245,18207.0090013666,20870.0357442308,118892.024356009,5872.83093242729,-3208.8846791705
"42",-21101.1542376475,9290.10152854136,-7040.81529885202,15523.8376221546,-952.421584643627,-377.397181711305,-897.347235963214,15618.7612507693,550.079208050476,11047.7333469535,21744.6874017425,11784.2642209322,5741.07495488875,12971.9906700014,5165.92849014985,-2823.68878250846,-365.276707175275,3038.74861820415,-16580.4356734037,-13778.1188121071,-18773.1149866549,-3179.63814294359,23242.1718434161,23556.5603440038,21238.98475055,24740.9381381061,20313.4089594057,-108.777844818367,-16431.1115371908,-12149.3521543714,35871.6145263064,20676.0959196627,254430.805515877,-31558.3896107157,-9553.96746762062,-32040.4004900773
"43",1079.68114295609,774.018752948643,-7854.7841642236,5976.52412851497,9312.51048526607,20802.0266241902,-1344.44855489729,9486.80393190125,5508.598637449,9.86116917715117,10902.8254566399,31903.7557655698,75303.368754006,39724.8018359921,5400.79428929086,11375.5572828996,14410.6349933775,27457.2941415434,14293.6131913573,10656.1588385131,10351.7435959181,3084.4087550902,-8647.55970806481,-12173.7565142458,1535.33647654123,-2580.75767782309,20448.7834879018,28315.2662318995,48256.3448948535,-13173.5179309669,4609.00272223806,48609.9323077025,113770.792973497,17546.5079182893,-809.383880274778,2153.56512871721
"44",18796.0951659675,12217.8642510425,9673.37482691376,11727.1477177072,892.165209723215,2247.85487135463,13351.2892874685,9852.24793204525,14302.1098736962,7034.82162606844,3185.23025777841,3915.78404793654,11933.9191194216,6772.54686889536,7399.53257003843,11446.9370853012,11599.4558975336,-2178.63399855747,9256.1295906607,2454.74728024914,3658.18448614483,-172.669600247711,-47.7889099453387,-1277.60058079693,13218.9606899123,-692.727457777102,128355.913394027,113136.761584055,31345.179346222,16889.2816181572,50610.4103074993,106789.505064074,33413.4020829715,23953.2333809494,40940.5845923315,68148.7676292012
"45",1096.57682000117,56177.0500998138,42101.8820585351,35732.0772650211,15825.3404070311,-4167.08238928512,-18659.7468730188,10305.295092467,41924.2153605929,39045.4405181082,36451.3791233814,3721.64683313757,101.498284855115,-16989.8658703246,-3333.9214085252,20262.2734797919,9164.68375600927,14415.2643537527,34320.2204629977,26188.7547171999,32680.1088345195,37558.3207222236,21411.0976697477,21359.3549543968,12361.7193497148,12994.5277689101,67848.2714569263,70723.9455272937,-18856.3591523028,20835.4827844773,99420.9687906819,169822.881594492,104265.217926251,167189.564513051,161482.275614904,158081.764945868
"46",-4463.32216906273,-3257.99045749122,-2464.23593550829,3451.98605464356,3698.8430793053,-4704.33894771179,1465.80279103786,1487.66837323301,3151.73984010831,-676.147576915624,-6729.1595338209,2452.85574039838,-3923.08358293921,-4861.25906980842,6284.46568790968,9587.08097485248,5709.32930279104,6058.64951669615,2859.11525156882,12290.0193405268,4466.78025648376,9160.37670005635,23091.3882859256,12348.8822021513,20089.6869854342,21412.7284951615,85108.8770251904,12062.2087562967,-9165.53686622573,58295.898074742,64366.8273099043,30797.0092989333,14362.4882587157,65883.3458370904,16383.6775215641,33868.3337715509
"47",-4686.58846771819,-5672.56880654665,-13127.7609044794,-7977.03475682522,-26110.2270496693,-15015.7029672331,-23449.7050967973,-23311.2820631292,9187.04973609096,-10155.6644401857,-12453.8717901289,-9420.65236816817,-12992.6328007511,-21374.8952793246,-17343.7803652508,-7799.1876519043,-17416.8391425819,-14090.4899539755,-3465.92200946534,-925.711827306717,-304.015206156415,4817.91815402784,22701.2634193543,24486.9713499837,235751.463091097,23023.1271221392,51916.1963158849,755506.83602764,134076.880019985,432046.744268901,279062.560852649,187166.460708018,253520.525893319,707026.707089358,126491.149242691,210762.228565667
"48",-18812.5274376336,-26845.6411642651,-27227.475473608,-13552.0477414706,-6707.02365026437,9298.27307106624,10853.0797382065,20548.960851104,19446.6933664026,574.106443965167,10063.6313887009,14866.7128968425,-649.058101062663,-294.09543623036,-2984.42690671593,971.745500514662,-2834.20153349062,-1273.6499623745,11837.5378934942,6993.21363657102,11049.9397237786,3863.5168418301,6438.3053796431,1538.81509409874,-14618.8408516972,-28012.8660327256,-15207.6340286559,-18074.8669059517,-73275.3017014732,-65665.9065210489,-26138.3941810392,-1187.14965638725,233.490041587676,46370.8698648628,70457.5231766657,119012.760562171
"49",24500.3209982725,67991.9913561961,21600.8646683235,3409.13748750585,-28530.088665833,-46621.9210266759,-41875.7320641104,-12064.2193777921,61973.8815689874,73086.7856563649,60128.5232560266,32070.1160805484,6748.39507682069,-31187.0118584681,-13850.816360524,-1766.63321628014,912.562025239633,2701.22784237197,4962.78057393723,13350.9771771348,9834.30578067823,9360.85940246511,-20973.6872008238,-15223.8936213659,-45979.3333649375,-69593.0886722048,-87569.3528382438,-106387.764998491,-98836.7342241724,-75345.0478291223,-69313.2737211179,3710.66964913928,4266.71241108968,46618.7603885756,215462.823683593,492594.086754148
"50",-9047.97779440114,-3120.26698941507,13900.8155980474,21289.1291164167,8749.45301684079,-3296.26501521064,-11485.704514196,-6303.14950969419,4131.62032536496,12417.8807298253,11850.8629308021,-9488.76713203825,-3267.35238061196,-5351.79252555189,-29310.7824369818,-19195.9760634651,-17636.4783849562,-941.732937392779,-6062.49605973362,27117.2130261452,4191.58542667076,29122.0124969604,36303.463904178,10764.871483466,25224.3326711703,-40725.0175779804,29227.3999982659,46979.8865127842,-84531.4464032558,-10154.0366573166,-4577.86791968616,26355.8917976901,-9024.69520714329,131727.615509168,84757.5753779009,275683.348391537
"51",8049.63828201301,-18160.6214886685,-15874.0326216191,-18478.5460815807,-42382.5098183949,-45435.4034394356,-28082.7260223283,-44396.3704017332,-19489.4790527953,-2819.39892545732,8279.21011552005,-14596.9234675512,-9778.24727138886,-47066.1312641682,-48484.9725402257,-11371.8427576844,-24817.1616184219,-33189.031590299,-25548.7437692897,-58901.8266031379,-43396.7204844121,-67366.9714555412,-61768.3637490942,-77089.714542642,-73788.6163173516,-88249.9829446409,-88430.1556425414,-106757.86765731,-119305.063383654,-86202.8234196644,-98673.8890483515,-45453.6447731428,-12314.4140483803,80785.0483240934,159853.295783707,233992.717584202
"52",12326.4324719735,9768.72480605353,11118.5697079381,12918.2803015995,4245.25005974084,7704.61057456268,787.731118304437,-1868.55823358893,5778.27611570737,3301.17040136711,4817.43180616568,-880.106144306628,-4927.75990704936,-9648.92731672773,-27815.9704807708,17405.0963885275,-33625.4504205151,-29122.9727539104,-19400.6166930334,-4472.7315942298,17948.8335606785,-6385.06816839134,880.611291075373,25199.4560136724,34553.6370568453,11577.5369874099,-10362.5958347721,7140.86729280859,-2015.26696853172,70770.7810111295,1416.72072321197,4229.65204153085,18144.8570568958,61455.5467310305,69494.8092690362,92426.4514307459
"53",-512212.489760154,-513512.751850314,-526419.094763619,-524886.251464948,-495398.802447154,-478917.618835902,-459743.871883251,-424820.205737861,-438351.392437223,-203623.707812775,-182543.930633076,-210175.514525066,-239502.254985701,-315404.526994548,169111.234171743,1176794.42057514,1260068.06891916,1273070.89190508,1304008.48333085,326678.522055656,1777951.31944795,2601372.42618452,2736066.88355413,3523465.50181508,3154974.25090529,2396586.84203407,2610472.80381994,2513126.41955562,2691102.85261604,3045402.33037893,3079900.89574295,2649205.81640985,2171740.3910422,1417094.73661033,753573.937151045,558587.85366438
"54",-552768.99448475,-560163.569527984,-560163.569527984,-560163.569527984,-560163.569527984,-560163.569527984,-560163.569527984,-559813.728453965,-559326.432562769,-444658.913016389,-454961.340238349,-454937.484481207,-435585.287965801,-477300.182199535,86286.2195205268,801661.493266676,867645.381886427,881730.062181757,2983079.80075582,5847121.18654224,8354628.49301773,9460272.01474593,7566494.74200979,7236108.02476241,5350780.48972921,1086833.12508464,1362611.01477638,544050.883846875,501707.781245268,479351.949523504,835511.81312296,1086374.89568975,2398847.25464228,2890099.26528166,2683737.67016737,2581492.46665767
"55",-47745.2951410409,-45318.4863100316,-40254.5197118287,-31500.3011532479,-29742.3874050574,-14713.9403979824,-6014.6289232815,-5930.43832248941,-12700.2452988874,-27568.131660818,-56547.9474459962,-48073.2280110832,-48676.8050376674,-49600.8869358376,71743.4090241726,306078.141370689,263582.003521252,290102.2183534,612220.864888232,1932719.03144131,2133097.27754027,2719168.90614311,2353200.4259324,2585537.93025729,2382958.22376785,964289.642969609,965617.957343897,861102.061696653,703563.724933431,1030355.3863946,953646.161400274,1201079.60969116,1808470.98411495,1941005.25097639,1794046.61048841,1844764.29768779
"56",4735.88880392579,3749.91408539113,152.716521055248,681.958342588703,-572.89785541407,-2941.26520423674,809.606322036103,4740.85503048592,7789.95872473959,2398.66820317377,-1918.06168762702,-9350.6262123994,-7416.57005169201,-9147.69599098776,-5778.77401170904,4826.14873141015,4544.6761522807,5500.8494491433,16273.9786451086,47390.5276442767,91619.3363322913,98957.5110748884,110797.400306071,99223.8168251846,102566.508796594,38450.6142289965,106906.744499125,113630.77019143,51842.4514454244,127828.769013194,168977.55577224,244372.198552532,183791.820118974,242893.463901156,150923.025958458,161468.237198584
"57",-7323.44790245002,932.828378226317,144.785481430372,8671.24219389461,-739.723235094847,1211.32133260058,-6251.31510825503,-11292.8188170987,-7612.06643091135,-7050.08093721386,-10705.4918024855,-9420.18039920802,-3145.67629387493,-5787.25212827313,19183.3461606215,5383.00230747259,-9663.7610450793,-8131.33480002871,-3885.19312356081,17155.6174649981,17185.0816305947,37929.7658868812,45736.4560482261,61113.9613641253,575238.575219842,444241.649097793,150688.854888146,258148.473026393,334284.181806138,1746620.20972065,2021609.02848538,1723830.74557386,1705079.08656066,1559584.00194541,571449.80957346,257748.839181596
"58",-5782.43727312762,9037.25742999034,3539.96879686238,18463.0412408059,8010.14701962056,9047.77463960646,992.619404603611,12549.3704923043,7493.67104936218,1207.8408690529,11570.7602510945,6144.44549504513,13631.4923626169,5103.84210933503,19190.807755328,21112.4806915443,13025.4726846408,16838.7556612563,17223.3500925992,50890.6404681746,87453.2858219755,81221.7893798266,129778.08786833,174317.843092291,1364879.40384638,1205559.72351431,623272.50722562,835728.868602993,1091606.04425983,5897852.02393105,7631290.11446315,7939700.29043871,7912340.09962507,7020345.04001935,2903029.68217763,1079221.56745396
"59",-15755.2690977007,-10830.1062002695,-13282.3297399765,4633.39897829745,-8601.75503556192,2623.95894536463,-11855.4375008303,-5858.66123687866,-5555.95784338607,176.125498818496,13358.7323296515,14432.2078888373,24336.3171279873,20549.7975661655,17300.271659878,113408.076159774,85788.6650576013,86572.6746766968,119637.656140956,357151.306603808,215328.888508158,202348.093105148,321228.715006146,466699.343377779,1143096.8751983,1017360.4308023,583141.645105983,713693.402192883,736459.649402928,2329822.10446182,2817086.08814488,2289047.95997843,2280675.05061424,2096871.73225244,1287993.17511502,579675.829893186
"60",216.139591385945,398.250704209,-2799.08489655112,1695.6596891735,-489.653567046873,1721.60684508164,3122.42891868905,5387.21351479755,8519.46508905385,6016.64357156389,6756.74091509089,4730.92016627797,9224.61972653244,9950.20988590951,15161.7822108615,37943.34665884,17520.0913244284,2385.62167754129,8334.79755348708,143801.011791716,89288.271214179,66757.6998726779,83253.7200334879,110184.03385457,167527.306719216,123490.266676404,94666.0799009786,103347.574655105,73194.4291884141,193197.471376513,157290.213062447,124898.313272998,150544.522470197,155179.022924517,210616.946142247,211402.782092751
"61",10587.692757867,3848.70787645562,-5224.05956862736,776.97284927321,-10217.2610563074,-9328.59457744565,-13377.6811357175,-25684.4455750136,-40981.8484204854,-35106.2301771439,-28807.0954044652,-22259.1495825758,-12571.7335055125,-8641.89915534502,-4112.69695597322,-1654.61089016471,-7621.55045428575,-4168.58199622997,-17951.6517281954,-10239.7569680322,-9281.78867861777,-19604.076368236,-8571.41912248841,6613.57876721767,23603.1718937965,210.139395414793,-2058.60231824909,-8845.19097712095,-9334.30623006614,39465.5918260077,64546.6702205793,73759.5287451978,72726.9027467579,69801.6577819404,61525.8284651458,60817.3893271179
"62",-7671.25965468702,3824.97799895913,7648.43460676214,15439.2260812568,319.144268924836,7843.63025438506,-12555.635434796,-25113.7894166966,-27028.0266682804,-13773.7662619519,648.264810947177,27051.0314767893,25625.9466602394,24412.8577560984,8163.13036833791,-26565.6821514209,-31966.8908948621,-31957.6778204644,-28358.4967105254,-13234.8146585222,-2904.50599604909,-9863.86436518753,-4841.80188364279,-14490.9046254611,28521.89919473,20333.3987656645,31063.1494884089,37784.7140919482,27097.5863824503,51500.1254773326,31333.9729157157,39354.3044168606,27699.5566524978,40385.2833370525,60606.0739413755,55340.2445150116
"63",-78210.0527528324,-66341.3912806597,-68500.4387590051,-70256.3620371024,-76582.2794644793,-62216.420654266,-67889.2395340503,-30958.6282404157,13690.8499248186,11888.4788763652,12723.9109265354,22154.9946804912,-47145.6767964709,-47222.68610561,-35574.7896152059,-45335.7015721712,-25155.6762960764,-31696.6921303545,-52846.6180866869,-62941.5927055375,-84605.417272523,-107972.403896708,-73516.0546235723,-61725.9394466007,-40283.8616145365,-39011.6095502225,-43471.2102954805,-39769.6856054821,-30479.2006559078,-13477.2231769718,-9080.27702362509,-22245.8989164234,-15996.3154900662,-6721.15465259174,2153.98040602246,43550.2199466602
"64",-6066.4762112078,6759.62199999015,-2987.86114758556,-186.063286091856,-2673.26883631626,-493.324917189937,-16888.0664589716,-15519.4936537061,-13128.5864907137,-8821.79633524892,-8615.3827191262,-8735.72864082194,-9480.26695995405,-20675.5291035227,-14613.2834814351,-9396.32176713567,-2977.89410321532,10764.261823682,12135.4967736559,9508.56041175603,13262.7984345968,8393.65226960786,5002.23324545354,12781.1387320913,16622.3288304908,20077.723193686,27515.5981057126,30396.312695862,30790.7020417234,50414.0662171046,44528.0574240703,39723.3606994873,35421.0101826428,43808.7130916189,41441.6952445562,61546.0916503711
"65",6658.78546262434,12424.7414544085,8565.76077708379,-5810.2987775549,-7844.00158887303,-9386.18278448099,-20634.6559974346,-23604.2555305383,-24274.1447911643,-21679.1210340651,-15796.6400902651,-25451.5861750922,-22753.6842066377,-23228.0692752836,-12045.4952987131,-10370.7142019449,-3339.67736866743,4941.26746827285,22040.0413927767,15021.2601554984,27229.6792334369,28200.6422854924,18009.5615400852,14966.9058612725,25648.6689372487,33145.0033750154,32046.2096304439,37809.000772159,21763.0238031191,28751.6181567314,22477.2870380118,28663.410979639,22026.3683443923,40917.3246847888,76174.9101624758,105137.990661685
"66",-10728.4046477725,-10003.2455737453,-16107.3455726125,-35570.5350248649,-24160.1310586699,-12215.500572152,-18006.7703123719,-2245.07602914216,245.873250385921,-5843.00239018135,-14173.4661990723,-28123.1449784886,-35090.5557294897,-45610.1815238918,-23968.1832033779,-17212.6447692046,-7872.23989840053,-9124.34161467996,-391.88107305576,-3926.33746378977,-8396.68075316816,-10593.0808202544,-16915.5566015838,-26576.6006478305,-23813.0171254119,-10077.7283827022,-5187.22684934092,2215.77391642128,-7803.15494252212,-9831.55235293577,-22493.9682959119,-11659.5438728762,58109.3499799423,97154.9019738784,225720.169699174,318756.842572608
"67",13061.5553787868,18320.3930118571,-740.358091049013,-10446.7080245401,-9235.69036952502,-10222.7866007078,-8008.41766946801,3193.16512941793,12863.6707164126,6290.28987032283,4466.80984969306,3025.62739794113,5332.71727187064,3979.09746526935,21574.6632146338,30227.4564697447,23990.5456470848,33567.5554390362,17096.8753894994,9317.11865608269,7962.54309578385,-7736.43888633978,-2994.1200707698,9491.92253429096,38425.6764290748,53307.1977987902,119440.560189782,152604.846796714,134109.809260352,125591.126068627,122907.692294667,61011.2760124159,49979.0048058087,60109.1229524136,96219.2013490269,91181.3126653074
"68",7923.10087425329,10953.1321923266,4226.71799249633,16871.5342023093,17196.8371490852,10510.5310976035,10671.9082055046,10443.5781234893,2500.36872962254,4623.05365305248,7401.4293482331,2256.65422972332,585.476750875037,-5242.26744893772,-1495.12270135473,15387.5549300011,10397.3822392107,21510.1896828674,20057.3490263503,11125.4942460545,4810.73057188562,-6044.59560714744,12494.6884917648,18945.6437920014,42105.3127545741,40027.5324937948,40544.2893658571,47658.9396827881,62570.424557361,66509.7768929758,84992.8755417938,71306.5161274658,64830.8147840445,66270.0720825406,90478.8896700453,77462.0044574529
"69",83755.7473987913,35708.2857173826,14145.4888368549,21987.8132825981,23436.8229076713,14848.7065491122,9085.24620694897,5454.57287826616,-6279.97542218727,-1064.2918962409,-1058.40890076233,9664.92892233364,21773.4178285706,23838.315689441,23344.8775296775,23879.5547494213,-326.757584858744,-1860.8228943354,4952.83453242565,3833.1023763158,11455.7511691112,-987.22018506669,-1617.3627796566,8451.8355592835,23453.3462019138,21716.0991018108,23415.0393751096,23648.6507897801,22675.3200543968,26976.6063642882,52070.5959162188,47690.2443457995,45648.934275264,67038.3709496471,94675.7293622297,108297.886364108
"70",117.104369875931,5214.45786457777,-6365.74834468614,-5514.42316911579,-5515.42280838922,-8092.42955231402,-12911.9030749768,-9774.41483260521,-12130.7253878524,-11473.5888664789,-15637.1697896267,-15870.1997403615,-14475.9734342074,-11398.4936095673,-5018.94087772918,-1451.04356228589,-552.816775716958,2022.10219380551,4730.82476123999,-3947.79351710634,-8129.51302624632,-5045.30465055924,-2468.91659191011,8142.03599805593,20077.1112012257,6319.77368196839,362.42081319321,-237.230876591828,-3786.21525444931,8865.82856344672,17591.9039468898,24669.1206638921,17281.9914984807,36959.1222986079,34013.5126430211,36783.5795009198
"71",-32592.9229624927,-27650.4623420338,-28848.7989815187,-34717.7596477284,-37134.7951956975,-41575.6440815919,-46352.2833173492,-54103.4760337239,-51721.0795468128,-53600.3655483299,-42851.2849715216,-41977.4590798159,-36055.1745721121,-30061.3748490306,-22181.0461515739,-23029.3773650999,9845.84633410955,1584.00363235461,8111.43982683186,-2162.02802368492,-14356.819329586,-2734.30896744979,-2677.57350362514,2564.25681753035,8649.62373323619,-5408.73365719325,3972.29068069468,33938.6595949081,32414.4680953262,61158.4047673014,42551.6529251187,31763.3061947177,17930.0767746264,49332.3081905686,97383.3799474438,148070.768298664
"72",-18717.1289809536,-13920.9078430371,-4060.72145349853,-18757.1502590943,-10200.4817136948,-2338.58346203517,-36997.1733940954,-37419.7324453597,-43287.6602158065,-46869.7268543835,-28989.1145844706,-20045.4935852471,-6530.04702621597,9098.75323031607,28099.612253893,21376.7267813603,9530.95377835236,11252.7660781398,-5409.70938418256,-17192.7601862604,-13348.0227335083,-19077.6014267829,-29100.2195303788,-27620.483887207,-35171.2939612081,-35687.6365408355,-33094.1140610251,-31771.4796814873,-23608.7085531589,-11250.6157217173,-16375.1178027001,25150.2302053992,81486.1138820732,127165.144715909,256222.501494392,281687.185758214
"73",193084.152725365,109781.985421718,-23439.4844179263,-32754.86724252,-57761.958600127,-179364.194484274,-172858.637959189,-220530.82374326,-300233.183279643,-304408.6497919,-310945.697938765,-242508.195082729,-293096.458856493,-277973.248638993,-283773.481309566,-277394.438649935,-158807.609414699,-170079.557625829,-111813.510622655,-126289.997430664,-192821.598797216,-171815.833212588,-239566.493976954,-254349.158864542,-113132.658399155,-71773.1138415536,171809.954330574,-21284.8441718733,-212787.295690498,-351569.487802788,-307515.541494048,-10082.0296981416,-128284.539758147,-150054.487436937,-282808.043861747,-136187.167990925
"74",-100875.853645136,-61609.8346928098,22476.4721349435,40619.2012386352,88220.2218200426,96742.327344969,56206.2354562256,-28025.5753393963,-47851.9049537108,-58628.8028605605,-77039.283102206,-18665.4924026034,-42771.0928835312,-28301.480848423,-6773.33101076499,17705.9482651802,60002.7191793071,70450.271002513,21160.3189909799,37461.3467027024,42093.5111962012,-11633.8239009571,-30667.0941393678,1626.33323669666,-29488.1260966265,-28242.7854270721,69153.3639370964,-48542.2842696541,-80850.1304517452,-140449.301739006,-133433.345379642,30222.7918661403,-46122.1614982102,-12682.5779183036,81920.2365781398,131956.552411832
"75",-88734.3410379543,-86171.3329458353,-83032.359775655,-31048.29672625,-2892.5905971101,-19435.6936003636,-45343.2437176407,-47902.185141131,-73699.2789653362,-53895.1297246956,-60356.3263186216,-27966.0964107817,-43482.0252546055,-50690.1207072074,-66077.2824584045,-57642.1428967819,-71758.921126558,-61020.3634536175,-27427.5169314921,-19842.2269747248,5305.70429660316,8149.15929127455,-17279.9214492148,-23148.1011437516,-13844.0715379097,-33644.2355076024,-49143.7427298301,-46889.8080915705,-58657.1730383717,-95801.1408555771,-103544.096394735,-123496.904473228,-127254.246093926,-129162.060168749,-97714.5032975634,-68291.5327595598
"76",-132583.501146856,-93733.4983516018,-87009.2305843335,-59695.254785788,-1620.74776747939,-48411.934366929,-88558.0175705528,-91644.1760266435,-166926.583539912,-199112.308132686,-211788.963971492,-164650.693749179,-155653.876701164,-155851.198754176,-109850.092975886,-98968.283985696,-40522.9567513244,-81432.7854195585,-68390.0755706452,958.049322725739,-39354.0436928722,-5740.69145787961,96027.4115148571,97419.4209584402,57136.4162570968,76379.7842848644,-49767.4231731418,-129928.9333561,-161468.670577319,-182622.138047876,-176714.850589174,-159037.152512319,-129598.893833761,-151457.232661371,-156780.585985215,-167072.955792019
"77",8602.86352410473,-12.9965479167004,-19745.0673845269,-891.277245387842,-27853.1418890435,-19187.8707289499,-32363.0405315418,-13408.3890073851,12548.9997083695,8206.7162181476,10065.3017704061,15775.8352550823,9643.0476204041,16674.3467714025,19065.927368116,7281.34675583523,-4794.03088611251,-2754.06575037481,-4126.93495600668,-13508.218375612,-18315.157911719,-19592.1361117161,-12053.9849304745,461.319739020139,-4563.15580204682,-2887.9080105958,23316.7400741973,-17282.9084438197,-28069.1637220327,-24312.2552437958,-16434.471195998,-6163.05382174716,-6517.3411882605,-6979.99754858681,-23841.0559087192,20145.0901875165
"78",8946.35270443735,11006.0896437215,11065.4566451511,2839.40700302794,169.528771904101,2612.49749817805,3219.57609619613,4627.72999967691,-6240.88514423325,-6328.4882594539,-4134.33362983591,-3160.94341387358,-2576.80549861366,-1622.81185796303,4231.09137076599,2532.96104575491,2437.31932366177,2661.90646405988,852.932322603636,278.867226566676,2263.00110266015,4907.44048628717,7107.93484563727,13533.3372819287,6317.25849695221,9303.0065534626,13051.9700972133,9193.1998333145,19095.8778082234,17017.6551503259,19484.811576023,29912.8633808547,31135.2635206045,23422.5044168256,62406.3032345379,24613.6146886265
"79",13468.7545606237,19630.3821773307,14656.3601716127,8033.94703126854,26.4967663670686,-6638.28248310016,-25176.6917167975,-6489.59764230177,-1386.16030951958,662.16514029121,3534.30899267152,1512.19129547021,-5487.11485226898,1458.2951674081,-3049.11671177919,-3139.70208654678,-1588.66982510727,-4808.53726287115,333.988173564125,2664.44752497575,91.7691689998028,5632.4542691424,4211.99929222776,17844.4417468808,12896.0854401524,21009.1945032928,20391.9290139131,20742.1626458702,20828.6968217905,17264.5641688299,21778.7343690701,29597.0694093255,32976.5529021926,38729.687174245,69003.5553847834,45793.2921530294
"80",-3486.21689939816,-30795.4197115306,-19060.0886079221,-37176.4319392062,-36993.8469207376,-4871.28941643797,-20418.5991848683,-9809.05068283921,-4003.13323673818,-19358.1144950942,2987.26420245296,12209.7454504341,23804.331288146,41391.9187420436,63165.2293025215,32501.1675658762,38291.4734108005,23860.3982571487,17348.9131118686,37430.6958031433,40966.9008625966,69423.8976591684,95997.1339252726,78315.6227836974,68858.620556325,64979.0803427445,42773.5245351915,24730.354321471,40216.6351438563,45891.4352009617,80376.1494115677,90839.6937621581,74228.6055457028,55784.5763804742,18507.2184483899,21807.4604281284
"81",31690.0333871772,42124.4064019698,6865.26537856093,18561.425616848,2014.60229656001,21272.6949215499,54096.7171916285,41235.9943458583,56528.1573838253,71381.0594902824,56087.7244776743,61501.7807302428,76059.8196988017,64164.1848730016,35036.0243143371,35503.6890602069,34380.0819723186,34265.3423860227,47400.5508664497,38934.7716217165,39923.1353912309,61546.9719327194,28847.0486611272,13613.903475504,12260.5111051824,18971.3914626586,18208.9609366498,57613.8560733052,58820.967798081,73129.0485367783,46750.3231228468,56624.2529221227,58245.0203718089,15364.8959605033,1159.69232471709,-27133.3636020255
"82",-18942.5468642545,-21537.3376030427,-20779.8361257182,-23497.1150251433,-16197.2062582301,-34087.4601932423,-6674.00745839492,-27699.6163586935,-30509.9841520886,-4550.77493471975,10995.3457788678,47771.9649557513,29169.2150226296,31730.7012269415,-5083.25219028787,-30846.9279503122,-20770.2766630857,15978.2093481058,8132.76307590702,20554.9686081816,27145.521177805,22134.0028089749,32367.9893493578,32032.1463293522,24234.062305853,22920.9772745799,52418.7260064433,45251.8701790674,79509.3441731315,7603.67585466133,37167.4303179102,42155.0350587459,1919.36320628316,5946.86188219438,8285.87715725412,7832.80997678771
"83",-26778.8818638086,-48047.6175710506,-56918.5564985807,-49666.4871911225,-68480.5539141654,-70995.4658222938,-38758.4562121855,-43351.5078787632,-48647.0850312535,-48812.5644334606,-73652.395707735,-62080.126164301,-65920.7299921842,-63551.1808948535,-47326.8293399391,-45015.1693309679,-33056.6168406175,-23830.1522094434,-18593.8576479258,-27264.8040470267,-37735.444752147,-12813.1685237559,-42731.3453329331,-6300.04415785903,-21216.749338219,-10766.6753859113,46917.9694350342,-28814.0822949921,-21218.1912009513,-47902.7709981026,-33599.1599033271,-4658.34115211942,-40963.8122175947,-55376.1427445275,-30427.4586138304,-69384.5037082749
"84",2434.61387352871,-2595.06057425708,-8697.28591876276,-4486.51273331353,10533.4715470971,13332.7894538509,20710.6932918921,25086.2388697174,7554.5552281963,22072.3394478007,3923.20815100097,-13189.501904057,-10399.8867533067,-975.12379501565,14607.6513205095,-3597.76266514603,-6493.09747792073,-4149.40802913398,-11571.9721640391,-8991.26749743575,603.01115418991,-3686.87914856712,1400.16871691811,30148.626706331,14346.3663572337,11524.8540902257,5999.56312568682,-7316.64975974106,-4102.81255602131,6993.72204818825,-393.107168132381,13647.7678742481,25129.6970524584,12819.1160349881,10099.3729264875,5374.12494898301
